"业主ID","房屋信息","投诉类型","处理状态","评价等级","时间"
"1001","65㎡一居 | 单身青年 | 低楼层","噪音投诉:3次/月\n主要来源:楼上装修\n夜间施工扰民:2次","响应时间:平均4小时\n解决进度:已协调停工\n业主满意度:85%","满意度高于小区平均10%\n投诉处理效率前30%","2025-01"
"1002","70㎡两居 | 年轻夫妇 | 中楼层","停车位不足:每周2次\n访客停车难:3次/月","响应时间:平均6小时\n解决进度:登记排队中\n业主满意度:70%","满意度低于小区平均5%\n停车问题待改善","2025-01"
"1003","90㎡三居 | 三口之家 | 高楼层","儿童游乐设施损坏:2次/月\n绿化维护不及时","响应时间:平均3小时\n解决进度:维修中\n业主满意度:90%","满意度高于小区平均15%\n设施维护响应迅速","2025-01"
"1004","85㎡两居 | 养宠家庭 | 中楼层","宠物粪便清理:4次/周\n电梯异味投诉:2次/月","响应时间:平均5小时\n解决进度:加强巡查\n业主满意度:75%","满意度与小区平均持平\n宠物管理需加强","2025-01"
"1005","120㎡四居 | 老人居住 | 低楼层","电梯故障:3次/月\n无障碍通道堵塞:2次","响应时间:平均2小时\n解决进度:紧急维修\n业主满意度:80%","满意度高于小区平均8%\n老人关怀服务良好","2025-01"
"1006","150㎡复式 | 多代同堂 | 顶楼","屋顶漏水:1次/月\n公共区域照明不足","响应时间:平均8小时\n解决进度:待材料采购\n业主满意度:65%","满意度低于小区平均10%\n漏水问题反复出现","2025-01"
"1007","55㎡一居 | 独居白领 | 中楼层","门禁系统故障:2次/月\n快递代收点拥挤","响应时间:平均3小时\n解决进度:系统升级中\n业主满意度:88%","满意度高于小区平均12%\n安保服务优质","2025-01"
"1008","100㎡三居 | 有孩家庭 | 中楼层","垃圾分类点异味:3次/周\n playground设备老化","响应时间:平均4小时\n解决进度:清洁频次增加\n业主满意度:82%","满意度高于小区平均7%\n环境卫生改善明显","2025-01"
"1009","80㎡两居 | 租户 | 低楼层","物业费缴纳咨询:2次/月\n维修服务响应慢","响应时间:平均7小时\n解决进度:优化流程中\n业主满意度:68%","满意度低于小区平均8%\n租户服务待提升","2025-01"
"1010","130㎡四居 | 三代同堂 | 高楼层","电梯频繁故障:4次/月\n楼道照明损坏:3处","响应时间:平均5小时\n解决进度:更换配件中\n业主满意度:72%","满意度低于小区平均3%\n高层设施维护滞后","2025-01"
"1001","65㎡一居 | 单身青年 | 低楼层","噪音投诉:2次/月\n装修已结束\n剩余问题:墙面修复","响应时间:平均3小时\n解决进度:跟进修复\n业主满意度:88%","满意度高于小区平均12%\n噪音问题明显改善","2025-02"
"1002","70㎡两居 | 年轻夫妇 | 中楼层","停车位抽签未中:1次\n访客停车券申请:2次","响应时间:平均5小时\n解决进度:等待下期抽签\n业主满意度:72%","满意度低于小区平均3%\n停车资源紧张","2025-02"
"1003","90㎡三居 | 三口之家 | 高楼层","游乐设施已修复\n新增滑梯安全垫:1次","响应时间:平均2小时\n解决进度:已完成\n业主满意度:92%","满意度高于小区平均17%\n设施更新及时","2025-02"
"1004","85㎡两居 | 养宠家庭 | 中楼层","宠物粪便减少:2次/周\n电梯异味改善","响应时间:平均4小时\n解决进度:持续监控\n业主满意度:80%","满意度高于小区平均5%\n环境有所改善","2025-02"
"1005","120㎡四居 | 老人居住 | 低楼层","电梯运行正常\n无障碍通道清理:1次/周","响应时间:平均2小时\n解决进度:定期巡查\n业主满意度:85%","满意度高于小区平均10%\n老人服务周到","2025-02"
"1006","150㎡复式 | 多代同堂 | 顶楼","漏水维修完成\n公共照明已更换:5盏","响应时间:平均6小时\n解决进度:观察期\n业主满意度:75%","满意度与小区平均持平\n漏水暂未复发","2025-02"
"1007","55㎡一居 | 独居白领 | 中楼层","门禁系统升级完成\n快递柜扩容:1组","响应时间:平均2小时\n解决进度:正常运行\n业主满意度:90%","满意度高于小区平均15%\n智能化改造成功","2025-02"
"1008","100㎡三居 | 有孩家庭 | 中楼层","垃圾分类点除臭:已安装\nplayground翻新计划启动","响应时间:平均3小时\n解决进度:施工中\n业主满意度:85%","满意度高于小区平均10%\n环境持续改善","2025-02"
"1009","80㎡两居 | 租户 | 低楼层","物业费线上缴纳开通\n维修响应提速至4小时","响应时间:平均4小时\n解决进度:流程优化\n业主满意度:75%","满意度与小区平均持平\n服务效率提升","2025-02"
"1010","130㎡四居 | 三代同堂 | 高楼层","电梯大修完成\n楼道照明全部更换","响应时间:平均4小时\n解决进度:验收中\n业主满意度:78%","满意度高于小区平均3%\n设施状况好转","2025-02"
"1001","65㎡一居 | 单身青年 | 低楼层","邻里纠纷调解:1次\n公共区域卫生良好","响应时间:平均2小时\n解决进度:已调解\n业主满意度:90%","满意度高于小区平均15%\n社区和谐度提升","2025-03"
"1002","70㎡两居 | 年轻夫妇 | 中楼层","停车位租赁成功:1个\n访客停车便利","响应时间:平均3小时\n解决进度:合同签订\n业主满意度:85%","满意度高于小区平均10%\n停车问题解决","2025-03"
"1003","90㎡三居 | 三口之家 | 高楼层","新增儿童活动区:1处\n绿化修剪及时","响应时间:平均2小时\n解决进度:已开放\n业主满意度:95%","满意度高于小区平均20%\n亲子设施完善","2025-03"
"1004","85㎡两居 | 养宠家庭 | 中楼层","宠物活动区规划中\n环境卫生保持良好","响应时间:平均3小时\n解决进度:方案设计中\n业主满意度:82%","满意度高于小区平均7%\n宠物友好度提升","2025-03"
"1005","120㎡四居 | 老人居住 | 低楼层","健康讲座举办:2次\n电梯维保常态化","响应时间:平均1小时\n解决进度:定期开展\n业主满意度:90%","满意度高于小区平均15%\n关爱服务到位","2025-03"
"1006","150㎡复式 | 多代同堂 | 顶楼","屋顶防水复检:通过\n公共区域整洁","响应时间:平均3小时\n解决进度:质保期内\n业主满意度:80%","满意度高于小区平均5%\n质量问题稳定","2025-03"
"1007","55㎡一居 | 独居白领 | 中楼层","智能快递柜使用顺畅\n安保巡逻加密","响应时间:平均2小时\n解决进度:正常运行\n业主满意度:92%","满意度高于小区平均17%\n安全感提升","2025-03"
"1008","100㎡三居 | 有孩家庭 | 中楼层","playground新设备投入使用\n垃圾分类准确率提升","响应时间:平均2小时\n解决进度:使用中\n业主满意度:88%","满意度高于小区平均13%\n设施满意度高","2025-03"
"1009","80㎡两居 | 租户 | 低楼层","续租手续办理顺利\n维修服务满意度提升","响应时间:平均3小时\n解决进度:已完成\n业主满意度:80%","满意度高于小区平均5%\n租户体验改善","2025-03"
"1010","130㎡四居 | 三代同堂 | 高楼层","电梯运行稳定\n增设扶手:3处","响应时间:平均2小时\n解决进度:已安装\n业主满意度:85%","满意度高于小区平均10%\n适老化改造好评","2025-03"
"1001","65㎡一居 | 单身青年 | 低楼层","社区活动参与:2次\n公共设施完好","响应时间:平均2小时\n解决进度:活动圆满\n业主满意度:92%","满意度高于小区平均17%\n社区凝聚力强","2025-04"
"1002","70㎡两居 | 年轻夫妇 | 中楼层","车位管理规范\n充电桩安装申请:1次","响应时间:平均4小时\n解决进度:审批中\n业主满意度:82%","满意度高于小区平均7%\n配套逐步完善","2025-04"
"1003","90㎡三居 | 三口之家 | 高楼层","亲子活动举办:3次\n绿化景观美化","响应时间:平均2小时\n解决进度:持续开展\n业主满意度:93%","满意度高于小区平均18%\n社区活动丰富","2025-04"
"1004","85㎡两居 | 养宠家庭 | 中楼层","宠物活动区建成\n文明养犬宣传:2次","响应时间:平均2小时\n解决进度:已启用\n业主满意度:88%","满意度高于小区平均13%\n宠物管理规范","2025-04"
"1005","120㎡四居 | 老人居住 | 低楼层","健康体检进社区:1次\n电梯零故障","响应时间:平均1小时\n解决进度:服务到位\n业主满意度:93%","满意度高于小区平均18%\n养老服务优质","2025-04"
"1006","150㎡复式 | 多代同堂 | 顶楼","无新问题\n定期回访满意","响应时间:平均2小时\n解决进度:持续关注\n业主满意度:85%","满意度高于小区平均10%\n服务质量稳定","2025-04"
"1007","55㎡一居 | 独居白领 | 中楼层","快递柜使用率高\n安防系统升级完成","响应时间:平均1小时\n解决进度:正常运行\n业主满意度:93%","满意度高于小区平均18%\n智能化水平高","2025-04"
"1008","100㎡三居 | 有孩家庭 | 中楼层","playground使用率高\n环境卫生优秀","响应时间:平均2小时\n解决进度:维护良好\n业主满意度:90%","满意度高于小区平均15%\n环境品质突出","2025-04"
"1009","80㎡两居 | 租户 | 低楼层","租房证明开具及时\n物业服务认可","响应时间:平均2小时\n解决进度:快速办理\n业主满意度:85%","满意度高于小区平均10%\n行政服务高效","2025-04"
"1010","130㎡四居 | 三代同堂 | 高楼层","电梯运行完美\n楼道文化墙建设","响应时间:平均2小时\n解决进度:设计中\n业主满意度:88%","满意度高于小区平均13%\n文化氛围营造","2025-04"
"1001","65㎡一居 | 单身青年 | 低楼层","夏季噪音管控加强\n空调外机检查","响应时间:平均2小时\n解决进度:排查中\n业主满意度:90%","满意度高于小区平均15%\n季节性服务到位","2025-05"
"1002","70㎡两居 | 年轻夫妇 | 中楼层","充电桩安装完成\n停车秩序良好","响应时间:平均3小时\n解决进度:已通电\n业主满意度:88%","满意度高于小区平均13%\n新能源配套完善","2025-05"
"1003","90㎡三居 | 三口之家 | 高楼层","暑期活动预告\n游泳池清洁消毒","响应时间:平均2小时\n解决进度:准备中\n业主满意度:92%","满意度高于小区平均17%\n假期服务提前","2025-05"
"1004","85㎡两居 | 养宠家庭 | 中楼层","宠物疫苗接种通知\n活动区使用规范","响应时间:平均2小时\n解决进度:宣传中\n业主满意度:85%","满意度高于小区平均10%\n健康管理跟进","2025-05"
"1005","120㎡四居 | 老人居住 | 低楼层","防暑降温措施\n电梯空调检修","响应时间:平均1小时\n解决进度:已完成\n业主满意度:92%","满意度高于小区平均17%\n关怀细致入微","2025-05"
"1006","150㎡复式 | 多代同堂 | 顶楼","屋顶隔热层检查\n无渗漏问题","响应时间:平均2小时\n解决进度:检测合格\n业主满意度:88%","满意度高于小区平均13%\n质量保障有力","2025-05"
"1007","55㎡一居 | 独居白领 | 中楼层","快递高峰期应对\n临时存放点设置","响应时间:平均1小时\n解决进度:运行中\n业主满意度:92%","满意度高于小区平均17%\n应急响应迅速","2025-05"
"1008","100㎡三居 | 有孩家庭 | 中楼层","暑期托管班报名\nplayground遮阳棚安装","响应时间:平均2小时\n解决进度:筹备中\n业主满意度:90%","满意度高于小区平均15%\n假期安排贴心","2025-05"
"1009","80㎡两居 | 租户 | 低楼层","续租意向沟通\n服务满意度调查","响应时间:平均2小时\n解决进度:调研中\n业主满意度:83%","满意度高于小区平均8%\n租户关系维护","2025-05"
"1010","130㎡四居 | 三代同堂 | 高楼层","电梯年检完成\n消防安全演练","响应时间:平均2小时\n解决进度:已通过\n业主满意度:90%","满意度高于小区平均15%\n安全保障到位","2025-05"
"1001","65㎡一居 | 单身青年 | 低楼层","雨季排水检查\n地下室防潮处理","响应时间:平均2小时\n解决进度:已完成\n业主满意度:92%","满意度高于小区平均17%\n防汛工作扎实","2025-06"
"1002","70㎡两居 | 年轻夫妇 | 中楼层","暴雨天气停车指引\n地下车库排水","响应时间:平均1小时\n解决进度:应急到位\n业主满意度:90%","满意度高于小区平均15%\n极端天气应对","2025-06"
"1003","90㎡三居 | 三口之家 | 高楼层","暑期活动进行中\n儿童安全提示","响应时间:平均2小时\n解决进度:持续开展\n业主满意度:93%","满意度高于小区平均18%\n假期服务优质","2025-06"
"1004","85㎡两居 | 养宠家庭 | 中楼层","夏季宠物防暑提醒\n活动区洒水降温","响应时间:平均2小时\n解决进度:执行中\n业主满意度:87%","满意度高于小区平均12%\n季节关怀到位","2025-06"
"1005","120㎡四居 | 老人居住 | 低楼层","高温天气关怀\n送清凉活动","响应时间:平均1小时\n解决进度:每日开展\n业主满意度:95%","满意度高于小区平均20%\n关爱服务满分","2025-06"
"1006","150㎡复式 | 多代同堂 | 顶楼","雨季屋顶巡检\n排水沟清理","响应时间:平均2小时\n解决进度:已完成\n业主满意度:90%","满意度高于小区平均15%\n预防性维护好","2025-06"
"1007","55㎡一居 | 独居白领 | 中楼层","快递防雨措施\n包裹妥善保管","响应时间:平均1小时\n解决进度:执行中\n业主满意度:93%","满意度高于小区平均18%\n细节服务到位","2025-06"
"1008","100㎡三居 | 有孩家庭 | 中楼层","暑期托管班开班\n食品安全检查","响应时间:平均2小时\n解决进度:正常运行\n业主满意度:92%","满意度高于小区平均17%\n托管服务专业","2025-06"
"1009","80㎡两居 | 租户 | 低楼层","雨季房屋检查\n漏水隐患排查","响应时间:平均3小时\n解决进度:排查中\n业主满意度:82%","满意度高于小区平均7%\n租户关怀提升","2025-06"
"1010","130㎡四居 | 三代同堂 | 高楼层","电梯防雷检测\n夏季用电安全","响应时间:平均2小时\n解决进度:检测合格\n业主满意度:90%","满意度高于小区平均15%\n安全检查全面","2025-06"
"1001","65㎡一居 | 单身青年 | 低楼层","空调使用高峰\n电费查询协助","响应时间:平均2小时\n解决进度:解答清晰\n业主满意度:90%","满意度高于小区平均15%\n便民服务贴心","2025-07"
"1002","70㎡两居 | 年轻夫妇 | 中楼层","夏季停车防晒\n树荫车位预留","响应时间:平均2小时\n解决进度:已安排\n业主满意度:88%","满意度高于小区平均13%\n人性化服务好","2025-07"
"1003","90㎡三居 | 三口之家 | 高楼层","暑期游泳课报名\n水质检测报告公示","响应时间:平均1小时\n解决进度:已开课\n业主满意度:95%","满意度高于小区平均20%\n配套设施完善","2025-07"
"1004","85㎡两居 | 养宠家庭 | 中楼层","宠物洗澡服务推荐\n活动区清洁频次增加","响应时间:平均2小时\n解决进度:合作洽谈\n业主满意度:85%","满意度高于小区平均10%\n增值服务拓展","2025-07"
"1005","120㎡四居 | 老人居住 | 低楼层","夏日义诊活动\n健康监测服务","响应时间:平均1小时\n解决进度:每周开展\n业主满意度:93%","满意度高于小区平均18%\n健康关怀专业","2025-07"
"1006","150㎡复式 | 多代同堂 | 顶楼","高温天气屋顶温度监测\n隔热效果良好","响应时间:平均2小时\n解决进度:数据正常\n业主满意度:88%","满意度高于小区平均13%\n质量跟踪到位","2025-07"
"1007","55㎡一居 | 独居白领 | 中楼层","快递冷链暂存\n生鲜配送协助","响应时间:平均1小时\n解决进度:服务中\n业主满意度:93%","满意度高于小区平均18%\n生活便利性强","2025-07"
"1008","100㎡三居 | 有孩家庭 | 中楼层","暑期作业辅导\nplayground晚间开放","响应时间:平均2小时\n解决进度:志愿者招募\n业主满意度:90%","满意度高于小区平均15%\n教育支持到位","2025-07"
"1009","80㎡两居 | 租户 | 低楼层","空调清洗服务\n家电维修联系","响应时间:平均3小时\n解决进度:服务商对接\n业主满意度:83%","满意度高于小区平均8%\n生活服务拓展","2025-07"
"1010","130㎡四居 | 三代同堂 | 高楼层","电梯高温保护\n错峰使用建议","响应时间:平均2小时\n解决进度:提示发布\n业主满意度:88%","满意度高于小区平均13%\n设备保养及时","2025-07"
"1001","65㎡一居 | 单身青年 | 低楼层","秋季环境整治\n落叶清扫及时","响应时间:平均2小时\n解决进度:每日清理\n业主满意度:92%","满意度高于小区平均17%\n环境卫生优秀","2025-08"
"1002","70㎡两居 | 年轻夫妇 | 中楼层","车位划线重绘\n停车秩序优化","响应时间:平均3小时\n解决进度:施工中\n业主满意度:85%","满意度高于小区平均10%\n基础设施更新","2025-08"
"1003","90㎡三居 | 三口之家 | 高楼层","开学季安全教育\n游乐设施检修","响应时间:平均2小时\n解决进度:已完成\n业主满意度:93%","满意度高于小区平均18%\n安全意识强","2025-08"
"1004","85㎡两居 | 养宠家庭 | 中楼层","宠物驱虫提醒\n活动区消毒","响应时间:平均2小时\n解决进度:每月执行\n业主满意度:87%","满意度高于小区平均12%\n卫生管理严格","2025-08"
"1005","120㎡四居 | 老人居住 | 低楼层","重阳节活动筹备\n老年大学报名","响应时间:平均1小时\n解决进度:报名中\n业主满意度:92%","满意度高于小区平均17%\n文化活动丰富","2025-08"
"1006","150㎡复式 | 多代同堂 | 顶楼","秋季屋顶检查\n防水层维护","响应时间:平均2小时\n解决进度:检测中\n业主满意度:88%","满意度高于小区平均13%\n预防维护到位","2025-08"
"1007","55㎡一居 | 独居白领 | 中楼层","快递柜扩容\n智能取件升级","响应时间:平均1小时\n解决进度:系统更新\n业主满意度:93%","满意度高于小区平均18%\n智能化持续提升","2025-08"
"1008","100㎡三居 | 有孩家庭 | 中楼层","新学期周边交通\n校车停靠点设置","响应时间:平均2小时\n解决进度:协调中\n业主满意度:90%","满意度高于小区平均15%\n教育配套完善","2025-08"
"1009","80㎡两居 | 租户 | 低楼层","租房合同续签\n押金退还咨询","响应时间:平均2小时\n解决进度:流程清晰\n业主满意度:85%","满意度高于小区平均10%\n行政服务规范","2025-08"
"1010","130㎡四居 | 三代同堂 | 高楼层","电梯年度大修\n备用梯安排","响应时间:平均2小时\n解决进度:计划制定\n业主满意度:88%","满意度高于小区平均13%\n设备管理规范","2025-08"
"1001","65㎡一居 | 单身青年 | 低楼层","国庆活动预告\n社区文化节筹备","响应时间:平均2小时\n解决进度:策划中\n业主满意度:92%","满意度高于小区平均17%\n节日氛围浓厚","2025-09"
"1002","70㎡两居 | 年轻夫妇 | 中楼层","新能源车增多\n充电桩扩建计划","响应时间:平均3小时\n解决进度:方案评审\n业主满意度:87%","满意度高于小区平均12%\n配套设施跟进","2025-09"
"1003","90㎡三居 | 三口之家 | 高楼层","国庆亲子活动\n户外野餐区规划","响应时间:平均2小时\n解决进度:场地布置\n业主满意度:93%","满意度高于小区平均18%\n活动策划用心","2025-09"
"1004","85㎡两居 | 养宠家庭 | 中楼层","宠物运动会筹备\n活动区装饰","响应时间:平均2小时\n解决进度:报名中\n业主满意度:88%","满意度高于小区平均13%\n社区活动创新","2025-09"
"1005","120㎡四居 | 老人居住 | 低楼层","重阳节慰问品发放\n健康档案更新","响应时间:平均1小时\n解决进度:登记中\n业主满意度:95%","满意度高于小区平均20%\n关爱服务细致","2025-09"
"1006","150㎡复式 | 多代同堂 | 顶楼","秋季防火检查\n消防设施更新","响应时间:平均2小时\n解决进度:检查中\n业主满意度:90%","满意度高于小区平均15%\n安全管理严格","2025-09"
"1007","55㎡一居 | 独居白领 | 中楼层","快递高峰期预案\n临时人员增配","响应时间:平均1小时\n解决进度:已安排\n业主满意度:93%","满意度高于小区平均18%\n服务保障有力","2025-09"
"1008","100㎡三居 | 有孩家庭 | 中楼层","国庆假期托管\n兴趣班开设","响应时间:平均2小时\n解决进度:课程安排\n业主满意度:92%","满意度高于小区平均17%\n假期服务周全","2025-09"
"1009","80㎡两居 | 租户 | 低楼层","国庆节前安全检查\n燃气检测服务","响应时间:平均2小时\n解决进度:预约中\n业主满意度:85%","满意度高于小区平均10%\n安全服务到位","2025-09"
"1010","130㎡四居 | 三代同堂 | 高楼层","电梯大修完成\n运行测试通过","响应时间:平均2小时\n解决进度:已恢复\n业主满意度:90%","满意度高于小区平均15%\n设备更新及时","2025-09"
"1001","65㎡一居 | 单身青年 | 低楼层","冬季供暖准备\n暖气管道检查","响应时间:平均2小时\n解决进度:检修中\n业主满意度:92%","满意度高于小区平均17%\n季节性服务提前","2025-10"
"1002","70㎡两居 | 年轻夫妇 | 中楼层","冬季停车防滑\n地库除冰措施","响应时间:平均2小时\n解决进度:物资准备\n业主满意度:88%","满意度高于小区平均13%\n冬季预案充分","2025-10"
"1003","90㎡三居 | 三口之家 | 高楼层","万圣节活动筹备\n儿童装扮派对","响应时间:平均2小时\n解决进度:道具采购\n业主满意度:93%","满意度高于小区平均18%\n节日活动多样","2025-10"
"1004","85㎡两居 | 养宠家庭 | 中楼层","冬季宠物保暖提醒\n活动区防风措施","响应时间:平均2小时\n解决进度:提示发布\n业主满意度:87%","满意度高于小区平均12%\n季节关怀贴心","2025-10"
"1005","120㎡四居 | 老人居住 | 低楼层","冬季健康讲座\n流感疫苗接种","响应时间:平均1小时\n解决进度:预约中\n业主满意度:93%","满意度高于小区平均18%\n健康服务专业","2025-10"
"1006","150㎡复式 | 多代同堂 | 顶楼","冬季保温检查\n窗户密封条更换","响应时间:平均3小时\n解决进度:施工中\n业主满意度:88%","满意度高于小区平均13%\n居住舒适度提升","2025-10"
"1007","55㎡一居 | 独居白领 | 中楼层","双十一快递预案\n临时存放区扩大","响应时间:平均1小时\n解决进度:场地规划\n业主满意度:93%","满意度高于小区平均18%\n高峰期应对充分","2025-10"
"1008","100㎡三居 | 有孩家庭 | 中楼层","冬季室内活动\n亲子手工课","响应时间:平均2小时\n解决进度:课程安排\n业主满意度:90%","满意度高于小区平均15%\n室内活动丰富","2025-10"
"1009","80㎡两居 | 租户 | 低楼层","冬季取暖费缴纳\n优惠政策说明","响应时间:平均2小时\n解决进度:通知发布\n业主满意度:85%","满意度高于小区平均10%\n费用透明度高","2025-10"
"1010","130㎡四居 | 三代同堂 | 高楼层","电梯冬季保养\n防冻措施落实","响应时间:平均2小时\n解决进度:已完成\n业主满意度:90%","满意度高于小区平均15%\n设备保养及时","2025-10"
"1001","65㎡一居 | 单身青年 | 低楼层","初雪天气应对\n道路除雪及时","响应时间:平均1小时\n解决进度:应急到位\n业主满意度:95%","满意度高于小区平均20%\n极端天气响应快","2025-11"
"1002","70㎡两居 | 年轻夫妇 | 中楼层","冬季车位除雪\n车辆防冻提醒","响应时间:平均1小时\n解决进度:持续进行\n业主满意度:90%","满意度高于小区平均15%\n服务响应迅速","2025-11"
"1003","90㎡三居 | 三口之家 | 高楼层","圣诞节活动预告\n亲子圣诞派对","响应时间:平均2小时\n解决进度:策划中\n业主满意度:93%","满意度高于小区平均18%\n节日活动期待高","2025-11"
"1004","85㎡两居 | 养宠家庭 | 中楼层","冬季宠物护理讲座\n活动区防滑处理","响应时间:平均2小时\n解决进度:报名中\n业主满意度:88%","满意度高于小区平均13%\n专业服务增值","2025-11"
"1005","120㎡四居 | 老人居住 | 低楼层","冬季送温暖活动\n居家安全检查","响应时间:平均1小时\n解决进度:入户中\n业主满意度:95%","满意度高于小区平均20%\n关爱服务满分","2025-11"
"1006","150㎡复式 | 多代同堂 | 顶楼","冬季屋顶积雪清理\n排水管防冻","响应时间:平均2小时\n解决进度:监控中\n业主满意度:90%","满意度高于小区平均15%\n预防措施到位","2025-11"
"1007","55㎡一居 | 独居白领 | 中楼层","双十二快递高峰\n24小时值班安排","响应时间:平均1小时\n解决进度:人员就位\n业主满意度:93%","满意度高于小区平均18%\n服务保障充分","2025-11"
"1008","100㎡三居 | 有孩家庭 | 中楼层","圣诞节装饰布置\n社区氛围营造","响应时间:平均2小时\n解决进度:装饰中\n业主满意度:92%","满意度高于小区平均17%\n节日氛围浓厚","2025-11"
"1009","80㎡两居 | 租户 | 低楼层","年底续租优惠\n长期租赁政策","响应时间:平均2小时\n解决进度:政策制定\n业主满意度:87%","满意度高于小区平均12%\n租户留存重视","2025-11"
"1010","130㎡四居 | 三代同堂 | 高楼层","电梯年终检修\n安全评估报告","响应时间:平均2小时\n解决进度:检测中\n业主满意度:90%","满意度高于小区平均15%\n安全管理规范","2025-11"
"1001","65㎡一居 | 单身青年 | 低楼层","年终满意度调查\n服务改进建议征集","响应时间:平均2小时\n解决进度:调研中\n业主满意度:93%","满意度高于小区平均18%\n持续改进意识强","2025-12"
"1002","70㎡两居 | 年轻夫妇 | 中楼层","年度停车费缴纳\n积分兑换活动","响应时间:平均2小时\n解决进度:缴费中\n业主满意度:90%","满意度高于小区平均15%\n会员体系完善","2025-12"
"1003","90㎡三居 | 三口之家 | 高楼层","元旦跨年活动\n亲子倒计时派对","响应时间:平均2小时\n解决进度:筹备中\n业主满意度:95%","满意度高于小区平均20%\n年度活动精彩","2025-12"
"1004","85㎡两居 | 养宠家庭 | 中楼层","年度宠物体检\n活动区年终清洁","响应时间:平均2小时\n解决进度:预约中\n业主满意度:90%","满意度高于小区平均15%\n年度服务总结","2025-12"
"1005","120㎡四居 | 老人居住 | 低楼层","年终慰问金发放\n新年祝福活动","响应时间:平均1小时\n解决进度:发放中\n业主满意度:98%","满意度高于小区平均23%\n关爱服务卓越","2025-12"
"1006","150㎡复式 | 多代同堂 | 顶楼","年度房屋体检\n维修保养总结","响应时间:平均2小时\n解决进度:报告出具\n业主满意度:92%","满意度高于小区平均17%\n质量跟踪完整","2025-12"
"1007","55㎡一居 | 独居白领 | 中楼层","年度快递统计\n智能柜使用报告","响应时间:平均1小时\n解决进度:数据分析\n业主满意度:95%","满意度高于小区平均20%\n数据化管理好","2025-12"
"1008","100㎡三居 | 有孩家庭 | 中楼层","年度亲子活动总结\n明年活动征集","响应时间:平均2小时\n解决进度:调研中\n业主满意度:93%","满意度高于小区平均18%\n活动策划用心","2025-12"
"1009","80㎡两居 | 租户 | 低楼层","年度服务评价\n续租意向确认","响应时间:平均2小时\n解决进度:反馈收集\n业主满意度:88%","满意度高于小区平均13%\n租户关系良好","2025-12"
"1010","130㎡四居 | 三代同堂 | 高楼层","电梯年度总结\n明年升级计划","响应时间:平均2小时\n解决进度:方案制定\n业主满意度:92%","满意度高于小区平均17%\n设备规划前瞻","2025-12"
